{
    "omega": 1.9909855546472714e-7,
    "axial": 1.9909855546472714e-6,
    "ecc": 0.1,
    "sma": 149597870700.0,
    "S_mass": 1.988416e+30,
    "radius": [
        2942289.8999999994,
        2963138.0957429633,
        2984082.6655154084,
        3005122.2079677866,
        3026255.359414108,
        3047480.7930419757,
        3068797.2181221624,
        3090203.3792210217,
        3111698.0554164853,
        3133280.059519726,
        3154948.23730331,
        3176701.46673704,
        3198538.6572325528,
        3220458.748897378,
        3242460.71179942,
        3264543.5452423324,
        3286706.277052062,
        3308947.962875868,
        3331267.685493368,
        3353664.554139842,
        3376137.7038436695,
        3398686.294775408,
        3421309.5116112162,
        3444006.56290904,
        3466776.6804988347,
        3489619.1188855893,
        3512533.1546662855,
        3535518.0859604436,
        3558573.2318530846,
        3581697.9318523705,
        3604891.545359214,
        3628153.451150418,
        3651483.046874784,
        3674879.7485616375,
        3698342.9901420656,
        3721872.2229826003,
        3745466.915430681,
        3769126.5523724207,
        3792850.6348019647,
        3816638.6794021875,
        3840490.218137048,
        3864404.79785453,
        3888381.9799006614,
        3912421.339744227,
        3936522.4666114715,
        3960684.9631313505,
        3984908.444990115,
        4009192.540596167,
        4033536.890753833,
        4057941.148346579,
        4082404.9780291063,
        4106928.055928189,
        4131510.069352014,
        4156150.71650768,
        4180849.7062272546,
        4205606.757700842,
        4230421.600218298,
        4255293.972917463,
        4280223.624540442,
        4305210.3131962195,
        4330253.806130723,
        4355353.879503249,
        4380510.318169211,
        4405722.91546969,
        4430991.473026709,
        4456315.800544363,
        4481695.715616236,
        4507131.043537921,
        4532621.617125198,
        4558167.276537754,
        4583767.869107507,
        4609423.249172331,
        4635133.277914798,
        4660897.82320503,
        4686716.759448685,
        4712589.967439159,
        4738517.334214251,
        4764498.752916625,
        4790534.122659005,
        4816623.34839275,
        4842766.340780382,
        4868963.01607227,
        4895213.295986209,
        4921517.107591158,
        4947874.38319408,
        4974285.060230099,
        5000749.08115586,
        5027266.393346351,
        5053836.948994093,
        5080460.7050119955,
        5107137.622938496,
        5133867.668845984,
        5160650.813251321,
        5187487.0310295075,
        5214376.301329757,
        5241318.607493882,
        5268313.936977123,
        5295362.281271447,
        5322463.6358310785,
        5349617.999999999
    ],
    "density": [
        4964.327871266621,
        4954.647226397684,
        4948.692765222864,
        4944.366873859967,
        4940.082668794312,
        4934.610789515308,
        4927.186530861097,
        4917.771723636194,
        4767.218763085686,
        4757.00903887153,
        4746.721051434013,
        4736.352488769606,
        4725.898586049138,
        4715.357665566255,
        4704.724433733746,
        4693.998323228844,
        4683.178002889479,
        4672.262566873539,
        4661.248871245386,
        4650.138071736058,
        4638.928414447561,
        4627.613126992962,
        4616.192728636196,
        4604.667634804647,
        4593.035735418922,
        4581.295746739035,
        4569.445777219085,
        4557.481492764507,
        4545.395951824052,
        4533.191615712221,
        4520.866109780324,
        4508.418731734452,
        4495.84852587377,
        4483.150477352533,
        4470.3223869652265,
        4457.355913631439,
        4444.252147648614,
        4431.01011507469,
        4417.627827067033,
        4404.0992717774425,
        4390.421525064021,
        4376.590652838581,
        4362.597122257746,
        4348.441639865084,
        4334.122104268504,
        4319.633636008602,
        4304.972884747151,
        4290.1342796594045,
        4275.113715598047,
        4259.897562855348,
        4244.48624445307,
        4228.8767427339335,
        4213.060990408223,
        4197.032640983108,
        4180.78392975372,
        4164.309310927183,
        4147.597836531583,
        4130.638999345708,
        4113.432186139191,
        4095.9672315681314,
        4078.23518132697,
        4060.226429859742,
        4041.929617534876,
        4023.3345018480313,
        4004.419809578558,
        3985.1906579828465,
        3965.6227818362454,
        3945.705778155506,
        3925.4231383978595,
        3904.7573205783747,
        3883.6886330268235,
        3862.1978992383333,
        3840.2600503291255,
        3817.8489309616243,
        3794.9463508596623,
        3771.5244561268632,
        3747.5517553410887,
        3722.989468841142,
        3697.7886805149055,
        3671.891593193621,
        3645.237939204693,
        3617.754707723018,
        3589.358215232121,
        3559.9496221501695,
        3529.195275540018,
        3497.116908311705,
        3463.5649651992,
        3428.351660879349,
        3391.2238590056345,
        3351.8454015849047,
        3309.8061500092035,
        3264.660750769538,
        3215.6552607559997,
        3162.038307937439,
        3102.959413750975,
        3036.4737309996294,
        2959.860389792827,
        2869.4088730114368,
        2758.21507391789
    ],